,image,label
0,102560975_20.png,Junk
1,102560975_21.png,Junk
2,102560975_27.png,Bad
3,102560975_28.png,Bad
4,104480747_18.png,Good
5,104480747_19.png,Good
6,104480747_20.png,Bad
7,104480747_21.png,Good
8,104480747_22.png,Bad
9,104480747_23.png,Junk
10,104480747_24.png,Bad
11,106910307_18.png,Bad
12,106910307_19.png,Bad
13,106910307_23.png,Bad
14,106910307_24.png,Bad
15,107240195_17.png,Junk
16,107240195_18.png,Good
17,107240195_21.png,Good
18,107240195_22.png,Good
19,107266562_20.png,Bad
20,107266562_21.png,Bad
21,107266562_27.png,Bad
22,107266562_28.png,Bad
23,107828250_20.png,Bad
24,107828250_21.png,Bad
25,107828250_27.png,Bad
26,107828250_28.png,Bad
27,107958532_20.png,Bad
28,107958532_21.png,Bad
29,107958532_27.png,Bad
30,107958532_28.png,Bad
31,108041141_18.png,Good
32,108041141_19.png,Bad
33,108041141_23.png,Bad
34,108041141_24.png,Bad
35,108221506_20.png,Bad
36,108221506_21.png,Bad
37,108221506_27.png,Bad
38,108221506_28.png,Good
39,108792170_20.png,Bad
40,108792170_21.png,Bad
41,108792170_27.png,Bad
42,108792170_28.png,Bad
43,109931122_15.png,Bad
44,109931122_16.png,Bad
45,109931122_17.png,Bad
46,109931122_18.png,Junk
47,109973178_20.png,Good
48,109973178_21.png,Good
49,109973178_27.png,Good
50,109973178_28.png,Good
51,110031922_20.png,Junk
52,110031922_21.png,Bad
53,110031922_27.png,Bad
54,110031922_28.png,Junk
55,110033522_20.png,Good
56,110033522_21.png,Bad
57,110033522_27.png,Bad
58,110033522_28.png,Good
59,110050463_19.png,Bad
60,110050463_20.png,Bad
61,110050463_25.png,Bad
62,110050463_26.png,Bad
63,110067663_20.png,Bad
64,110067663_21.png,Bad
65,110067663_27.png,Bad
66,110067663_28.png,Bad
67,110126890_18.png,Bad
68,110126890_19.png,Bad
69,110126890_23.png,Bad
70,110126890_24.png,Bad
71,110144650_26.png,Good
72,110144650_27.png,Good
73,110144650_39.png,Good
74,110144650_40.png,Good
75,110215158_17.png,Bad
76,110215158_18.png,Bad
77,110215158_21.png,Bad
78,110215158_22.png,Bad
79,110229573_19.png,Bad
80,110229573_20.png,Bad
81,110229573_25.png,Good
82,110229573_26.png,Bad
83,110289647_20.png,Bad
84,110289647_21.png,Bad
85,110289647_27.png,Bad
86,110289647_28.png,Bad
87,110304341_19.png,Good
88,110304341_20.png,Bad
89,110304341_25.png,Bad
90,110304341_26.png,Bad
91,110314792_16.png,Bad
92,110314792_17.png,Bad
93,110314792_19.png,Bad
94,110314792_20.png,Bad
95,110323154_20.png,Bad
96,110323154_21.png,Bad
97,110323154_27.png,Bad
98,110323154_28.png,Bad
99,110340539_26.png,Bad
100,110340539_27.png,Bad
101,110340539_39.png,Bad
102,110340539_40.png,Bad
103,110350552_20.png,Bad
104,110350552_21.png,Bad
105,110350552_27.png,Bad
106,110350552_28.png,Bad
107,110359038_17.png,Bad
108,110359038_18.png,Bad
109,110359038_21.png,Bad
110,110359038_22.png,Bad
111,110406257_24.png,Bad
112,110406257_25.png,Bad
113,110406257_35.png,Bad
114,110406257_36.png,Bad
115,110407198_18.png,Bad
116,110407198_19.png,Good
117,110407198_23.png,Bad
118,110407198_24.png,Junk
119,110419091_20.png,Junk
120,110419091_21.png,Bad
121,110419091_27.png,Bad
122,110419091_28.png,Bad
123,110488267_14.png,Good
124,110488267_15.png,Good
125,110488267_16.png,Good
126,110506266_24.png,Bad
127,110506266_25.png,Bad
128,110506266_35.png,Bad
129,110506266_36.png,Junk
130,110542215_24.png,Bad
131,110542215_25.png,Bad
132,110542215_35.png,Junk
133,110542215_36.png,Junk
134,110544207_22.png,Good
135,110544207_23.png,Good
136,110544207_31.png,Good
137,110544207_32.png,Good
138,110551580_20.png,Good
139,110551580_21.png,Good
140,110551580_27.png,Good
141,110551580_28.png,Junk
142,110555232_19.png,Bad
143,110555232_20.png,Good
144,110555232_25.png,Bad
145,110555232_26.png,Bad
146,110569263_22.png,Bad
147,110569263_23.png,Bad
148,110569263_31.png,Bad
149,110569263_32.png,Bad
150,110573408_19.png,Bad
151,110573408_20.png,Bad
152,110573408_25.png,Bad
153,110573408_26.png,Bad
154,110583876_20.png,Bad
155,110583876_21.png,Bad
156,110583876_27.png,Bad
157,110583876_28.png,Bad
158,110617559_20.png,Bad
159,110617559_21.png,Bad
160,110617559_27.png,Bad
161,110617559_28.png,Bad
162,110621252_18.png,Bad
163,110621252_19.png,Bad
164,110621252_23.png,Bad
165,110621252_24.png,Bad
166,110630743_26.png,Good
167,110630743_27.png,Good
168,110630743_39.png,Good
169,110630743_40.png,Junk
170,110640177_20.png,Bad
171,110640177_21.png,Bad
172,110640177_27.png,Bad
173,110640177_28.png,Bad
174,110710539_20.png,Good
175,110710539_21.png,Good
176,110710539_27.png,Good
177,110710539_28.png,Good
178,110720426_18.png,Good
179,110720426_19.png,Good
180,110720426_23.png,Good
181,110720426_24.png,Junk
182,110835747_19.png,Good
183,110835747_20.png,Bad
184,110835747_25.png,Bad
185,110835747_26.png,Good
186,110857164_25.png,Good
187,110857164_26.png,Good
188,110857164_37.png,Good
189,110857164_38.png,Good
190,110892924_18.png,Good
191,110892924_19.png,Good
192,110892924_23.png,Good
193,110892924_24.png,Bad
194,110984169_20.png,Bad
195,110984169_21.png,Bad
196,110984169_27.png,Bad
197,110984169_28.png,Junk
198,110993549_18.png,Bad
199,110993549_19.png,Bad
200,110993549_23.png,Bad
201,110993549_24.png,Bad
202,111015841_20.png,Good
203,111015841_21.png,Bad
204,111015841_27.png,Bad
205,111015841_28.png,Good
206,111034075_26.png,Good
207,111034075_27.png,Good
208,111034075_39.png,Junk
209,111034075_40.png,Bad
210,111041395_20.png,Good
211,111041395_21.png,Good
212,111041395_27.png,Good
213,111041395_28.png,Good
214,111048364_20.png,Good
215,111048364_21.png,Good
216,111048364_27.png,Good
217,111048364_28.png,Good
218,111063575_19.png,Good
219,111063575_20.png,Good
220,111063575_25.png,Bad
221,111063575_26.png,Good
222,111103255_26.png,Good
223,111103255_27.png,Good
224,111103255_39.png,Good
225,111103255_40.png,Good
226,111104719_22.png,Good
227,111104719_23.png,Good
228,111104719_31.png,Good
229,111104719_32.png,Good
230,111105226_26.png,Good
231,111105226_27.png,Good
232,111105226_39.png,Good
233,111105226_40.png,Good
234,111111461_27.png,Bad
235,111111461_28.png,Bad
236,111125635_15.png,Bad
237,111125635_16.png,Bad
238,111125635_17.png,Bad
239,111125635_18.png,Bad
240,111203704_26.png,Bad
241,111203704_27.png,Good
242,111203704_39.png,Good
243,111203704_40.png,Good
244,111206999_33.png,Bad
245,111206999_34.png,Bad
246,111213098_20.png,Bad
247,111213098_21.png,Bad
248,111213098_27.png,Bad
249,111213098_28.png,Bad
250,111231748_16.png,Bad
251,111231748_17.png,Bad
252,111231748_19.png,Bad
253,111231748_20.png,Bad
254,111232687_20.png,Good
255,111232687_21.png,Bad
256,111232687_27.png,Bad
257,111232687_28.png,Good
258,111258252_20.png,Bad
259,111258252_21.png,Bad
260,111258252_27.png,Bad
261,111258252_28.png,Bad
262,111394308_19.png,Junk
263,111394308_20.png,Good
264,111394308_25.png,Good
265,111394308_26.png,Good
266,111397258_20.png,Junk
267,111397258_21.png,Junk
268,111397258_27.png,Junk
269,111397258_28.png,Junk
270,111416534_20.png,Good
271,111416534_21.png,Bad
272,111416534_27.png,Good
273,111416534_28.png,Junk
274,111417673_20.png,Bad
275,111417673_21.png,Bad
276,111417673_27.png,Bad
277,111417673_28.png,Bad
278,111419630_21.png,Good
279,111419630_22.png,Good
280,111419630_29.png,Bad
281,111419630_30.png,Bad
282,111459338_14.png,Bad
283,111459338_15.png,Bad
284,111459338_16.png,Bad
285,111486940_25.png,Good
286,111486940_26.png,Good
287,111486940_37.png,Good
288,111486940_38.png,Junk
289,111492825_20.png,Bad
290,111492825_21.png,Bad
291,111492825_27.png,Bad
292,111492825_28.png,Bad
293,111519424_17.png,Good
294,111519424_18.png,Bad
295,111519424_21.png,Bad
296,111519424_22.png,Bad
297,111521888_17.png,Bad
298,111521888_18.png,Bad
299,111521888_21.png,Bad
300,111521888_22.png,Bad
301,111547174_20.png,Bad
302,111547174_21.png,Bad
303,111547174_27.png,Bad
304,111547174_28.png,Bad
305,111585157_17.png,Bad
306,111585157_18.png,Bad
307,111585157_21.png,Bad
308,111585157_22.png,Bad
309,111598787_20.png,Bad
310,111598787_21.png,Bad
311,111598787_27.png,Junk
312,111598787_28.png,Junk
313,111640370_16.png,Bad
314,111640370_17.png,Bad
315,111640370_19.png,Bad
316,111640370_20.png,Bad
317,111640476_24.png,Good
318,111640476_25.png,Good
319,111640476_35.png,Bad
320,111640476_36.png,Bad
321,111641057_25.png,Good
322,111641057_26.png,Bad
323,111641057_37.png,Bad
324,111641057_38.png,Bad
325,111660916_19.png,Bad
326,111660916_20.png,Bad
327,111660916_25.png,Bad
328,111660916_26.png,Bad
329,111711467_21.png,Good
330,111711467_22.png,Good
331,111711467_29.png,Good
332,111711467_30.png,Good
333,111741464_26.png,Good
334,111741464_27.png,Good
335,111741464_39.png,Junk
336,111741464_40.png,Junk
337,111813233_18.png,Bad
338,111813233_19.png,Junk
339,111813233_23.png,Junk
340,111813233_24.png,Junk
341,111835991_17.png,Bad
342,111835991_18.png,Bad
343,111835991_21.png,Bad
344,111835991_22.png,Bad
345,111844122_20.png,Bad
346,111844122_21.png,Good
347,111844122_27.png,Bad
348,111844122_28.png,Bad
349,111874805_20.png,Good
350,111874805_21.png,Good
351,111874805_27.png,Good
352,111874805_28.png,Good
353,111884258_18.png,Bad
354,111884258_19.png,Bad
355,111884258_23.png,Junk
356,111884258_24.png,Bad
357,111963771_14.png,Bad
358,111963771_15.png,Bad
359,111963771_16.png,Bad
360,112018909_24.png,Bad
361,112018909_25.png,Bad
362,112018909_8.png,Bad
363,112018909_9.png,Bad
364,112028416_19.png,Good
365,112028416_20.png,Junk
366,112028416_25.png,Good
367,112028416_26.png,Good
368,112035784_20.png,Bad
369,112035784_21.png,Bad
370,112035784_27.png,Bad
371,112035784_28.png,Good
372,112053818_20.png,Bad
373,112053818_21.png,Bad
374,112053818_27.png,Bad
375,112053818_28.png,Bad
376,112058486_26.png,Good
377,112058486_27.png,Good
378,112058486_39.png,Good
379,112058486_40.png,Good
380,112090414_17.png,Bad
381,112090414_18.png,Bad
382,112090414_21.png,Bad
383,112090414_22.png,Bad
384,112103994_24.png,Bad
385,112103994_25.png,Bad
386,112103994_8.png,Bad
387,112103994_9.png,Bad
388,112105622_24.png,Good
389,112105622_25.png,Good
390,112105622_8.png,Good
391,112105622_9.png,Good
392,112118622_20.png,Junk
393,112118622_21.png,Bad
394,112118622_27.png,Bad
395,112118622_28.png,Bad
396,112205056_26.png,Good
397,112205056_27.png,Good
398,112205056_39.png,Good
399,112205056_40.png,Good
400,112207986_18.png,Bad
401,112207986_19.png,Bad
402,112207986_23.png,Bad
403,112207986_24.png,Bad
404,112208875_18.png,Bad
405,112208875_20.png,Bad
406,112208875_21.png,Bad
407,112208875_27.png,Bad
408,112208875_28.png,Bad
409,112217169_19.png,Bad
410,112217169_20.png,Bad
411,112217169_21.png,Bad
412,112217169_22.png,Bad
413,112217169_23.png,Bad
414,112217169_24.png,Bad
415,112217169_25.png,Junk
416,112217169_26.png,Bad
417,112279585_23.png,Good
418,112279585_24.png,Good
419,112279585_25.png,Good
420,112279585_26.png,Good
421,112279585_27.png,Good
422,112279585_29.png,Good
423,112279585_30.png,Good
424,112279585_31.png,Good
425,112279585_32.png,Good
426,112279585_33.png,Good
427,112279585_34.png,Good
428,112280104_17.png,Bad
429,112280104_18.png,Bad
430,112280104_19.png,Bad
431,112280104_20.png,Bad
432,112280104_21.png,Bad
433,112280104_22.png,Bad
434,112327836_20.png,Junk
435,112327836_21.png,Bad
436,112327836_22.png,Good
437,112327836_23.png,Bad
438,112327836_24.png,Bad
439,112327836_25.png,Good
440,112327836_26.png,Good
441,112327836_27.png,Good
442,112327836_28.png,Good
443,112332458_20.png,Junk
444,112332458_21.png,Bad
445,112332458_27.png,Bad
446,112332458_28.png,Junk
447,112364476_20.png,Bad
448,112364476_21.png,Bad
449,112364476_27.png,Bad
450,112364476_28.png,Bad
451,112365674_18.png,Bad
452,112365674_19.png,Bad
453,112365674_20.png,Bad
454,112365674_21.png,Bad
455,112365674_22.png,Bad
456,112365674_23.png,Bad
457,112365674_24.png,Bad
458,112372664_20.png,Bad
459,112372664_21.png,Bad
460,112372664_22.png,Bad
461,112372664_27.png,Good
462,112372664_28.png,Bad
463,112410239_19.png,Good
464,112410239_20.png,Bad
465,112410239_21.png,Good
466,112410239_22.png,Good
467,112410239_23.png,Good
468,112410239_24.png,Good
469,112410239_25.png,Junk
470,112410239_26.png,Bad
471,112500516_16.png,Bad
472,112500516_17.png,Bad
473,112500516_19.png,Bad
474,112500516_20.png,Bad
475,112500516_21.png,Bad
476,112500516_22.png,Bad
477,112532214_20.png,Bad
478,112532214_21.png,Good
479,112532214_27.png,Bad
480,112532214_28.png,Junk
481,112548907_22.png,Good
482,112548907_23.png,Good
483,112548907_31.png,Good
484,112548907_32.png,Good
485,112552550_14.png,Bad
486,112552550_15.png,Bad
487,112552550_16.png,Bad
488,112585008_13.png,Good
489,112585008_14.png,Good
490,112607539_20.png,Junk
491,112607539_21.png,Good
492,112607539_27.png,Good
493,112607539_28.png,Good
494,112616659_20.png,Good
495,112616659_21.png,Good
496,112616659_27.png,Bad
497,112616659_28.png,Good
498,112636923_20.png,Good
499,112636923_21.png,Bad
500,112636923_27.png,Bad
501,112636923_28.png,Good
502,112641946_19.png,Good
503,112641946_20.png,Good
504,112641946_25.png,Good
505,112641946_26.png,Good
506,112660150_18.png,Good
507,112660150_19.png,Good
508,112660150_23.png,Good
509,112660150_24.png,Good
510,112687273_17.png,Junk
511,112687273_18.png,Junk
512,112687273_21.png,Bad
513,112687273_22.png,Bad
514,112703783_13.png,Bad
515,112703783_14.png,Bad
516,112754010_18.png,Bad
517,112754010_19.png,Bad
518,112754010_23.png,Bad
519,112754010_24.png,Bad
520,112827275_20.png,Good
521,112827275_21.png,Good
522,112827275_27.png,Good
523,112827275_28.png,Good
524,112858081_20.png,Good
525,112858081_21.png,Good
526,112858081_27.png,Good
527,112858081_28.png,Good
528,112863324_18.png,Bad
529,112863324_19.png,Bad
530,112863324_23.png,Bad
531,112863324_24.png,Bad
532,112902353_20.png,Good
533,112902353_21.png,Good
534,112902353_27.png,Bad
535,112902353_28.png,Good
536,112927064_20.png,Bad
537,112927064_21.png,Good
538,112927064_27.png,Bad
539,112927064_28.png,Good
540,112965635_20.png,Bad
541,112965635_21.png,Bad
542,112965635_22.png,Bad
543,112965635_27.png,Bad
544,112965635_28.png,Bad
545,113022684_20.png,Bad
546,113022684_21.png,Good
547,113022684_27.png,Good
548,113022684_28.png,Good
549,113030928_24.png,Good
550,113030928_25.png,Good
551,113030928_35.png,Junk
552,113030928_36.png,Junk
553,113038109_19.png,Good
554,113038109_20.png,Bad
555,113038109_25.png,Good
556,113038109_26.png,Bad
557,113088662_25.png,Good
558,113088662_26.png,Good
559,113088662_37.png,Bad
560,113088662_38.png,Good
561,113137705_20.png,Bad
562,113137705_21.png,Bad
563,113137705_27.png,Bad
564,113137705_28.png,Bad
565,113137973_19.png,Bad
566,113137973_20.png,Bad
567,113137973_25.png,Bad
568,113137973_26.png,Bad
569,113205595_19.png,Junk
570,113205595_20.png,Good
571,113205595_25.png,Good
572,113205595_26.png,Good
573,113210705_19.png,Bad
574,113210705_20.png,Bad
575,113210705_25.png,Bad
576,113210705_26.png,Bad
577,113232254_17.png,Good
578,113232254_18.png,Good
579,113232254_21.png,Good
580,113232254_22.png,Good
581,113232866_20.png,Bad
582,113232866_21.png,Bad
583,113232866_27.png,Bad
584,113232866_28.png,Bad
585,113235160_21.png,Good
586,113235160_22.png,Good
587,113235160_29.png,Good
588,113235160_30.png,Junk
589,113238974_20.png,Good
590,113238974_21.png,Good
591,113238974_27.png,Good
592,113238974_28.png,Junk
593,113268341_20.png,Junk
594,113268341_21.png,Junk
595,113268341_22.png,Junk
596,113268341_27.png,Junk
597,113268341_28.png,Junk
598,113268845_26.png,Good
599,113268845_27.png,Good
600,113268845_39.png,Good
601,113268845_40.png,Junk
602,113273472_20.png,Bad
603,113273472_21.png,Bad
604,113273472_27.png,Bad
605,113273472_28.png,Bad
606,113293264_20.png,Bad
607,113293264_21.png,Bad
608,113293264_27.png,Bad
609,113293264_28.png,Bad
610,113330640_20.png,Good
611,113330640_21.png,Good
612,113330640_27.png,Good
613,113330640_28.png,Good
614,113337675_19.png,Good
615,113337675_20.png,Good
616,113337675_25.png,Good
617,113337675_26.png,Bad
618,113340156_20.png,Bad
619,113340156_21.png,Bad
620,113340156_27.png,Bad
621,113340156_28.png,Bad
622,113340780_18.png,Bad
623,113340780_19.png,Bad
624,113340780_23.png,Bad
625,113340780_24.png,Bad
626,113348815_26.png,Good
627,113348815_27.png,Good
628,113348815_39.png,Good
629,113348815_40.png,Good
630,113357776_19.png,Good
631,113357776_20.png,Good
632,113357776_25.png,Good
633,113357776_26.png,Good
634,113382635_28.png,Bad
635,113414551_13.png,Bad
636,113414551_14.png,Junk
637,113498573_16.png,Bad
638,113498573_17.png,Bad
639,113498573_18.png,Bad
640,113498573_19.png,Bad
641,113498573_20.png,Bad
642,113509762_20.png,Good
643,113509762_21.png,Good
644,113509762_27.png,Junk
645,113509762_28.png,Junk
646,113525485_18.png,Junk
647,113525485_19.png,Bad
648,113525485_23.png,Bad
649,113525485_24.png,Bad
650,113548483_17.png,Good
651,113548483_18.png,Good
652,113548483_21.png,Good
653,113548483_22.png,Good
654,113561789_20.png,Bad
655,113561789_21.png,Bad
656,113561789_27.png,Bad
657,113561789_28.png,Bad
658,113571609_17.png,Good
659,113571609_18.png,Bad
660,113571609_21.png,Good
661,113571609_22.png,Good
662,113596561_20.png,Bad
663,113596561_21.png,Bad
664,113596561_27.png,Bad
665,113596561_28.png,Bad
666,113624787_26.png,Good
667,113624787_27.png,Good
668,113624787_39.png,Good
669,113624787_40.png,Bad
670,113627451_21.png,Good
671,113627451_22.png,Good
672,113627451_29.png,Good
673,113627451_30.png,Good
674,113628691_26.png,Good
675,113628691_27.png,Good
676,113628691_39.png,Bad
677,113628691_40.png,Junk
678,113637236_25.png,Good
679,113637236_26.png,Bad
680,113637236_37.png,Junk
681,113637236_38.png,Junk
682,113638043_14.png,Bad
683,113638043_15.png,Bad
684,113638043_16.png,Bad
685,113657972_20.png,Bad
686,113657972_21.png,Bad
687,113657972_27.png,Bad
688,113657972_28.png,Bad
689,113672506_20.png,Bad
690,113672506_21.png,Bad
691,113672506_27.png,Bad
692,113672506_28.png,Good
693,113680014_19.png,Good
694,113680014_20.png,Good
695,113680014_25.png,Good
696,113680014_26.png,Good
697,113693581_20.png,Bad
698,113693581_21.png,Bad
699,113693581_22.png,Bad
700,113693581_27.png,Bad
701,113693581_28.png,Bad
702,113708861_20.png,Bad
703,113708861_21.png,Bad
704,113708861_27.png,Bad
705,113708861_28.png,Good
706,113711244_26.png,Bad
707,113711244_27.png,Bad
708,113711244_39.png,Good
709,113711244_40.png,Good
710,113732600_18.png,Good
711,113732600_19.png,Good
712,113732600_23.png,Bad
713,113732600_24.png,Good
714,113733651_26.png,Bad
715,113733651_27.png,Bad
716,113733651_28.png,Bad
717,113733651_39.png,Bad
718,113733651_40.png,Bad
719,113745187_18.png,Good
720,113745187_19.png,Good
721,113745187_23.png,Good
722,113745187_24.png,Good
723,113754115_20.png,Bad
724,113754115_21.png,Good
725,113754115_27.png,Bad
726,113754115_28.png,Good
727,113768571_20.png,Bad
728,113768571_21.png,Bad
729,113768571_22.png,Good
730,113768571_27.png,Bad
731,113768571_28.png,Bad
732,113780706_18.png,Good
733,113780706_19.png,Good
734,113780706_23.png,Good
735,113780706_24.png,Bad
736,113790586_20.png,Good
737,113790586_21.png,Good
738,113790586_27.png,Good
739,113790586_28.png,Good
740,113791842_18.png,Bad
741,113791842_19.png,Junk
742,113791842_23.png,Bad
743,113791842_24.png,Bad
744,113835998_19.png,Bad
745,113835998_20.png,Bad
746,113835998_25.png,Bad
747,113835998_26.png,Bad
748,113844960_19.png,Junk
749,113844960_20.png,Good
750,113844960_25.png,Good
751,113844960_26.png,Good
752,113851711_19.png,Good
753,113851711_20.png,Good
754,113851711_21.png,Good
755,113851711_22.png,Bad
756,113851711_27.png,Good
757,113851711_28.png,Good
758,113867745_22.png,Good
759,113867745_23.png,Good
760,113867745_31.png,Bad
761,113867745_32.png,Junk
762,113883212_20.png,Bad
763,113883212_21.png,Bad
764,113883212_27.png,Bad
765,113883212_28.png,Bad
766,113899600_18.png,Good
767,113899600_19.png,Good
768,113899600_20.png,Good
769,113899600_23.png,Junk
770,113899600_24.png,Good
771,113901293_20.png,Bad
772,113901293_21.png,Bad
773,113901293_27.png,Bad
774,113901293_28.png,Bad
775,113911488_18.png,Good
776,113911488_19.png,Bad
777,113911488_23.png,Bad
778,113911488_24.png,Bad
779,113925337_14.png,Bad
780,113925337_15.png,Bad
781,113925337_16.png,Bad
782,113954564_16.png,Bad
783,113954564_17.png,Bad
784,113954564_18.png,Bad
785,113954564_19.png,Bad
786,113954564_20.png,Bad
787,113956588_19.png,Bad
788,113956588_20.png,Bad
789,113956588_25.png,Bad
790,113956588_26.png,Bad
791,114000162_17.png,Bad
792,114000162_18.png,Bad
793,114000162_21.png,Bad
794,114000162_22.png,Bad
795,114019498_20.png,Bad
796,114019498_21.png,Bad
797,114019498_27.png,Bad
798,114019498_28.png,Bad
799,114040069_19.png,Bad
800,114040069_20.png,Bad
801,114040069_25.png,Bad
802,114040069_26.png,Bad
803,114041393_20.png,Bad
804,114041393_21.png,Bad
805,114041393_27.png,Bad
806,114041393_28.png,Bad
807,114052362_20.png,Bad
808,114052362_21.png,Good
809,114052362_27.png,Bad
810,114052362_28.png,Junk
811,114066296_16.png,Bad
812,114073635_12.png,Good
813,114073635_13.png,Good
814,114087842_26.png,Good
815,114087842_27.png,Good
816,114087842_39.png,Junk
817,114087842_40.png,Junk
818,114096022_16.png,Good
819,114096022_17.png,Good
820,114096022_19.png,Good
821,114096022_20.png,Good
822,114113501_20.png,Good
823,114113501_21.png,Good
824,114113501_27.png,Good
825,114113501_28.png,Good
826,114122559_20.png,Junk
827,114122559_21.png,Bad
828,114122559_27.png,Bad
829,114122559_28.png,Bad
830,114158493_14.png,Bad
831,114158493_15.png,Bad
832,114158493_16.png,Bad
833,114170425_13.png,Bad
834,114170425_14.png,Good
835,114171657_22.png,Bad
836,114171657_23.png,Good
837,114171657_31.png,Good
838,114171657_32.png,Good
839,114174584_16.png,Good
840,114174584_17.png,Bad
841,114174584_18.png,Bad
842,114174584_19.png,Junk
843,114174584_20.png,Junk
844,114175634_20.png,Good
845,114175634_21.png,Good
846,114175634_27.png,Good
847,114175634_28.png,Good
848,114177428_11.png,Good
849,114177428_20.png,Bad
850,114177428_21.png,Bad
851,114177428_22.png,Good
852,114177428_23.png,Good
853,114177428_31.png,Bad
854,114177428_32.png,Bad
855,114186775_19.png,Bad
856,114186775_20.png,Good
857,114186775_25.png,Bad
858,114186775_26.png,Bad
859,114194878_20.png,Good
860,114194878_21.png,Bad
861,114194878_27.png,Bad
862,114194878_28.png,Bad
863,114198576_19.png,Good
864,114198576_20.png,Bad
865,114198576_25.png,Bad
866,114198576_26.png,Bad
867,114209859_18.png,Bad
868,114209859_19.png,Bad
869,114209859_23.png,Bad
870,114209859_24.png,Bad
871,114228022_16.png,Bad
872,114228022_17.png,Bad
873,114228022_19.png,Bad
874,114228022_20.png,Bad
875,114235156_18.png,Bad
876,114235156_19.png,Bad
877,114235156_20.png,Bad
878,114235156_23.png,Bad
879,114235156_24.png,Bad
880,114235514_18.png,Good
881,114235514_19.png,Good
882,114235514_23.png,Bad
883,114235514_24.png,Junk
884,114251434_20.png,Good
885,114251434_21.png,Good
886,114251434_27.png,Good
887,114251434_28.png,Junk
888,114257364_26.png,Good
889,114257364_27.png,Good
890,114257364_39.png,Good
891,114257364_40.png,Junk
892,114260324_24.png,Good
893,114260324_25.png,Good
894,114260324_35.png,Good
895,114260324_36.png,Bad
896,114283779_17.png,Bad
897,114283779_18.png,Bad
898,114283779_21.png,Bad
899,114283779_22.png,Bad
900,114322473_17.png,Bad
901,114322473_18.png,Bad
902,114322473_19.png,Bad
903,114322473_21.png,Bad
904,114322473_22.png,Bad
905,114324146_20.png,Bad
906,114324146_21.png,Good
907,114324146_27.png,Good
908,114324146_28.png,Good
909,114327996_16.png,Bad
910,114327996_17.png,Bad
911,114327996_19.png,Bad
912,114327996_20.png,Bad
913,114346608_20.png,Bad
914,114346608_21.png,Junk
915,114346608_27.png,Bad
916,114346608_28.png,Bad
917,114357601_16.png,Bad
918,114357601_17.png,Bad
919,114357601_19.png,Bad
920,114357601_20.png,Bad
921,114361666_18.png,Bad
922,114361666_19.png,Bad
923,114361666_23.png,Bad
924,114361666_24.png,Bad
925,114368141_19.png,Bad
926,114378700_20.png,Bad
927,114378700_21.png,Bad
928,114378700_27.png,Good
929,114378700_28.png,Good
930,114382907_20.png,Bad
931,114382907_21.png,Bad
932,114382907_27.png,Bad
933,114382907_28.png,Bad
934,114395937_25.png,Good
935,114395937_26.png,Good
936,114395937_37.png,Good
937,114395937_38.png,Good
938,114402109_26.png,Bad
939,114402109_27.png,Bad
940,114402109_39.png,Bad
941,114402109_40.png,Junk
942,114411668_20.png,Bad
943,114411668_21.png,Bad
944,114411668_27.png,Bad
945,114411668_28.png,Bad
946,114429979_16.png,Bad
947,114429979_17.png,Bad
948,114429979_18.png,Bad
949,114429979_19.png,Bad
950,114429979_20.png,Bad
951,114430031_18.png,Bad
952,114430031_19.png,Bad
953,114430031_23.png,Bad
954,114430031_24.png,Bad
955,114434720_20.png,Good
956,114434720_21.png,Good
957,114434720_27.png,Bad
958,114434720_28.png,Bad
959,114439427_20.png,Bad
960,114439427_21.png,Bad
961,114439427_27.png,Bad
962,114439427_28.png,Bad
963,114499881_20.png,Bad
964,114499881_21.png,Bad
965,114499881_27.png,Bad
966,114499881_28.png,Bad
967,114537650_18.png,Junk
968,114537650_19.png,Junk
969,114537650_23.png,Bad
970,114537650_24.png,Bad
971,114550583_15.png,Bad
972,114550583_16.png,Bad
973,114550583_17.png,Bad
974,114550583_18.png,Bad
975,114551727_20.png,Bad
976,114551727_21.png,Bad
977,114551727_27.png,Bad
978,114551727_28.png,Bad
979,114568353_20.png,Bad
980,114568353_21.png,Bad
981,114568353_27.png,Bad
982,114568353_28.png,Bad
983,114577491_17.png,Bad
984,114577491_18.png,Bad
985,114577491_21.png,Bad
986,114577491_22.png,Bad
987,114613938_16.png,Bad
988,114613938_17.png,Bad
989,114613938_19.png,Good
990,114613938_20.png,Bad
991,114621277_22.png,Good
992,114621277_23.png,Good
993,114621277_31.png,Good
994,114621277_32.png,Junk
995,114621289_20.png,Bad
996,114621289_21.png,Bad
997,114621289_27.png,Junk
998,114621289_28.png,Junk
999,114628834_21.png,Good
1000,114628834_22.png,Good
1001,114628834_29.png,Good
1002,114628834_30.png,Bad
1003,114643932_17.png,Bad
1004,114643932_18.png,Bad
1005,114643932_21.png,Bad
1006,114643932_22.png,Bad
1007,114651862_17.png,Bad
1008,114651862_18.png,Bad
1009,114651862_21.png,Bad
1010,114651862_22.png,Bad
1011,114654583_19.png,Good
1012,114654583_20.png,Good
1013,114654583_25.png,Good
1014,114654583_26.png,Good
1015,114654718_17.png,Bad
1016,114654718_18.png,Good
1017,114654718_21.png,Bad
1018,114654718_22.png,Bad
1019,114662393_20.png,Bad
1020,114662393_21.png,Bad
1021,114662393_27.png,Bad
1022,114662393_28.png,Bad
1023,114676165_18.png,Bad
1024,114676165_19.png,Bad
1025,114676165_20.png,Bad
1026,114676165_25.png,Bad
1027,114676165_26.png,Bad
1028,114691339_16.png,Bad
1029,114691339_17.png,Bad
1030,114691339_19.png,Bad
1031,114691339_20.png,Bad
1032,114698083_17.png,Bad
1033,114698083_18.png,Bad
1034,114698083_21.png,Bad
1035,114698083_22.png,Bad
1036,114710019_20.png,Bad
1037,114710019_21.png,Bad
1038,114710019_27.png,Bad
1039,114710019_28.png,Good
1040,114716642_18.png,Good
1041,114716642_19.png,Good
1042,114716642_23.png,Good
1043,114716642_24.png,Good
1044,114723553_22.png,Good
1045,114723553_23.png,Good
1046,114723553_31.png,Bad
1047,114723553_32.png,Junk
1048,114734109_16.png,Bad
1049,114734109_17.png,Bad
1050,114734109_19.png,Bad
1051,114734109_20.png,Bad
1052,114738367_19.png,Good
1053,114738367_20.png,Good
1054,114738367_25.png,Good
1055,114738367_26.png,Good
1056,114747277_20.png,Bad
1057,114747277_21.png,Bad
1058,114747277_27.png,Bad
1059,114747277_28.png,Bad
1060,114797441_18.png,Bad
1061,114797441_19.png,Bad
1062,114797441_23.png,Bad
1063,114797441_24.png,Bad
1064,114817000_20.png,Bad
1065,114817000_21.png,Bad
1066,114817000_27.png,Bad
1067,114817000_28.png,Bad
1068,114825993_21.png,Bad
1069,114825993_22.png,Bad
1070,114825993_29.png,Bad
1071,114825993_30.png,Bad
1072,114829572_19.png,Bad
1073,114829572_20.png,Bad
1074,114829572_21.png,Bad
1075,114829572_27.png,Bad
1076,114829572_28.png,Bad
1077,114841000_13.png,Junk
1078,114841000_14.png,Junk
1079,114847512_13.png,Bad
1080,114847512_14.png,Junk
1081,114856090_20.png,Bad
1082,114856090_21.png,Bad
1083,114856090_27.png,Bad
1084,114856090_28.png,Bad
1085,114868878_16.png,Bad
1086,114868878_17.png,Bad
1087,114868878_19.png,Bad
1088,114868878_20.png,Bad
1089,114874033_22.png,Bad
1090,114874033_23.png,Bad
1091,114874033_31.png,Bad
1092,114874033_32.png,Bad
1093,114886422_22.png,Good
1094,114886422_23.png,Good
1095,114886422_31.png,Good
1096,114886422_32.png,Good
1097,114891502_21.png,Good
1098,114891502_22.png,Good
1099,114891502_29.png,Good
1100,114891502_30.png,Good
1101,114894396_20.png,Good
1102,114894396_21.png,Good
1103,114894396_27.png,Bad
1104,114894396_28.png,Good
1105,114923689_20.png,Good
1106,114923689_21.png,Good
1107,114923689_27.png,Good
1108,114923689_28.png,Good
1109,114925797_16.png,Bad
1110,114925797_17.png,Bad
1111,114925797_19.png,Bad
1112,114925797_20.png,Bad
1113,114937062_20.png,Bad
1114,114937062_21.png,Bad
1115,114937062_22.png,Bad
1116,114937062_27.png,Bad
1117,114937062_28.png,Bad
1118,114945645_17.png,Bad
1119,114945645_18.png,Bad
1120,114945645_21.png,Bad
1121,114945645_22.png,Bad
1122,114947165_20.png,Bad
1123,114947165_21.png,Bad
1124,114947165_27.png,Bad
1125,114947165_28.png,Bad
1126,114949877_20.png,Bad
1127,114949877_21.png,Bad
1128,114949877_27.png,Bad
1129,114949877_28.png,Bad
1130,114950404_20.png,Bad
1131,114950404_21.png,Bad
1132,114950404_27.png,Good
1133,114950404_28.png,Bad
1134,114963328_23.png,Bad
1135,114963328_24.png,Bad
1136,114963328_33.png,Bad
1137,114963328_34.png,Bad
1138,114974686_19.png,Bad
1139,114974686_20.png,Bad
1140,114974686_21.png,Bad
1141,114974686_25.png,Bad
1142,114974686_26.png,Bad
1143,114982892_19.png,Bad
1144,114982892_20.png,Bad
1145,114982892_25.png,Bad
1146,114982892_26.png,Bad
1147,115014680_15.png,Bad
1148,115014680_16.png,Good
1149,115014680_17.png,Good
1150,115014680_18.png,Bad
1151,115043728_20.png,Good
1152,115043728_21.png,Good
1153,115043728_27.png,Good
1154,115043728_28.png,Good
1155,115047936_20.png,Bad
1156,115047936_21.png,Bad
1157,115047936_27.png,Bad
1158,115047936_28.png,Bad
1159,115051973_20.png,Bad
1160,115051973_21.png,Good
1161,115051973_27.png,Good
1162,115051973_28.png,Good
1163,115053845_19.png,Good
1164,115053845_20.png,Good
1165,115053845_25.png,Bad
1166,115053845_26.png,Bad
1167,115080547_27.png,Bad
1168,115080547_28.png,Bad
1169,115080547_41.png,Bad
1170,115080547_42.png,Bad
1171,115090991_16.png,Bad
1172,115090991_17.png,Good
1173,115090991_19.png,Good
1174,115090991_20.png,Bad
1175,115092017_20.png,Bad
1176,115092017_21.png,Good
1177,115092017_27.png,Good
1178,115092017_28.png,Good
1179,115101660_19.png,Good
1180,115101660_20.png,Good
1181,115101660_25.png,Good
1182,115101660_26.png,Good
1183,115114513_20.png,Bad
1184,115114513_21.png,Good
1185,115114513_27.png,Bad
1186,115114513_28.png,Bad
1187,115118656_18.png,Bad
1188,115118656_19.png,Bad
1189,115118656_23.png,Bad
1190,115118656_24.png,Bad
1191,115142744_16.png,Bad
1192,115142744_17.png,Bad
1193,115142744_19.png,Bad
1194,115142744_20.png,Bad
1195,115149227_19.png,Bad
1196,115149227_20.png,Bad
1197,115149227_25.png,Bad
1198,115149227_26.png,Bad
1199,115169064_19.png,Good
1200,115169064_20.png,Bad
1201,115169064_25.png,Good
1202,115169064_26.png,Bad
1203,115189878_16.png,Bad
1204,115189878_17.png,Bad
1205,115189878_19.png,Bad
1206,115189878_20.png,Good
1207,115197447_20.png,Bad
1208,115197447_21.png,Bad
1209,115197447_27.png,Bad
1210,115197447_28.png,Bad
1211,115209437_20.png,Bad
1212,115209437_21.png,Bad
1213,115209437_27.png,Bad
1214,115209437_28.png,Bad
1215,115218327_20.png,Good
1216,115218327_21.png,Good
1217,115218327_27.png,Good
1218,115218327_28.png,Good
1219,115220756_16.png,Good
1220,115220756_17.png,Bad
1221,115220756_19.png,Bad
1222,115220756_20.png,Bad
1223,115222189_22.png,Good
1224,115222189_23.png,Good
1225,115222189_31.png,Good
1226,115222189_32.png,Good
1227,115224471_19.png,Bad
1228,115224471_20.png,Bad
1229,115224471_25.png,Bad
1230,115224471_26.png,Bad
1231,115227357_19.png,Bad
1232,115227357_20.png,Good
1233,115227357_25.png,Good
1234,115227357_26.png,Good
1235,115233784_20.png,Bad
1236,115233784_21.png,Bad
1237,115233784_22.png,Bad
1238,115233784_27.png,Bad
1239,115233784_28.png,Bad
1240,115236236_22.png,Bad
1241,115236236_23.png,Good
1242,115236236_31.png,Good
1243,115236236_32.png,Bad
1244,115239447_20.png,Bad
1245,115239447_21.png,Good
1246,115239447_27.png,Bad
1247,115239447_28.png,Bad
1248,115252388_13.png,Good
1249,115252388_14.png,Good
1250,115252829_21.png,Good
1251,115252829_22.png,Bad
1252,115252829_29.png,Bad
1253,115252829_30.png,Bad
1254,115263929_19.png,Good
1255,115263929_20.png,Bad
1256,115263929_25.png,Bad
1257,115263929_26.png,Bad
1258,115272784_20.png,Bad
1259,115272784_21.png,Bad
1260,115272784_22.png,Bad
1261,115272784_27.png,Bad
1262,115272784_28.png,Bad
1263,115292101_15.png,Bad
1264,115292101_16.png,Bad
1265,115292101_17.png,Bad
1266,115292101_18.png,Bad
1267,115294310_16.png,Bad
1268,115294310_17.png,Bad
1269,115294310_19.png,Bad
1270,115294310_20.png,Bad
1271,115295569_20.png,Bad
1272,115295569_21.png,Bad
1273,115295569_27.png,Bad
1274,115295569_28.png,Bad
1275,115302428_26.png,Good
1276,115302428_27.png,Bad
1277,115302428_39.png,Bad
1278,115302428_40.png,Bad
1279,115304121_20.png,Bad
1280,115304121_21.png,Bad
1281,115304121_27.png,Bad
1282,115304121_28.png,Bad
1283,115313884_19.png,Bad
1284,115313884_20.png,Bad
1285,115313884_25.png,Bad
1286,115313884_26.png,Bad
1287,115322070_20.png,Good
1288,115322070_21.png,Good
1289,115322070_27.png,Good
1290,115322070_28.png,Good
1291,115348543_17.png,Bad
1292,115348543_18.png,Bad
1293,115348543_19.png,Bad
1294,115348543_21.png,Good
1295,115348543_22.png,Good
1296,115363165_22.png,Good
1297,115363165_23.png,Good
1298,115363165_31.png,Bad
1299,115363165_32.png,Good
1300,115367387_26.png,Good
1301,115367387_27.png,Good
1302,115367387_39.png,Good
1303,115367387_40.png,Good
1304,115367940_15.png,Bad
1305,115367940_16.png,Bad
1306,115367940_17.png,Good
1307,115367940_18.png,Good
1308,115369913_20.png,Junk
1309,115369913_21.png,Junk
1310,115369913_27.png,Bad
1311,115369913_28.png,Bad
1312,115374991_23.png,Good
1313,115374991_24.png,Bad
1314,115374991_33.png,Bad
1315,115374991_34.png,Bad
1316,115387159_20.png,Good
1317,115387159_21.png,Good
1318,115387159_27.png,Bad
1319,115387159_28.png,Good
1320,115391709_12.png,Bad
1321,115391709_13.png,Bad
1322,115393029_25.png,Junk
1323,115393029_26.png,Junk
1324,115393029_37.png,Good
1325,115393029_38.png,Junk
1326,115393765_20.png,Good
1327,115393765_21.png,Good
1328,115393765_27.png,Good
1329,115393765_28.png,Good
1330,115398616_14.png,Bad
1331,115398616_15.png,Bad
1332,115398616_16.png,Bad
1333,115401691_15.png,Bad
1334,115401691_16.png,Bad
1335,115401691_17.png,Bad
1336,115401691_18.png,Bad
1337,115426957_26.png,Good
1338,115426957_27.png,Good
1339,115426957_39.png,Good
1340,115426957_40.png,Junk
1341,115429963_14.png,Junk
1342,115429963_15.png,Junk
1343,115429963_16.png,Junk
1344,115430109_19.png,Bad
1345,115430109_20.png,Bad
1346,115430109_25.png,Bad
1347,115430109_26.png,Bad
1348,115431847_21.png,Bad
1349,115431847_22.png,Bad
1350,115431847_29.png,Bad
1351,115431847_30.png,Good
1352,115432294_18.png,Bad
1353,115432294_19.png,Bad
1354,115432294_23.png,Bad
1355,115432294_24.png,Junk
1356,115432563_19.png,Good
1357,115432563_20.png,Bad
1358,115432563_25.png,Good
1359,115432563_26.png,Bad
1360,115433884_19.png,Good
1361,115433884_20.png,Good
1362,115433884_25.png,Bad
1363,115433884_26.png,Good
1364,115434473_21.png,Good
1365,115434473_22.png,Good
1366,115434473_29.png,Good
1367,115434473_30.png,Good
1368,115436280_26.png,Good
1369,115436280_27.png,Good
1370,115436280_39.png,Bad
1371,115436280_40.png,Bad
1372,115437390_26.png,Good
1373,115437390_27.png,Good
1374,115437390_39.png,Good
1375,115437390_40.png,Good
1376,115439578_26.png,Junk
1377,115439578_27.png,Bad
1378,115439578_28.png,Bad
1379,115439578_39.png,Junk
1380,115439578_40.png,Junk
1381,115440803_21.png,Good
1382,115440803_22.png,Good
1383,115440803_29.png,Good
1384,115440803_30.png,Bad
1385,115452997_20.png,Good
1386,115452997_21.png,Good
1387,115452997_27.png,Good
1388,115452997_28.png,Good
1389,115459192_20.png,Bad
1390,115459192_21.png,Bad
1391,115459192_27.png,Bad
1392,115459192_28.png,Bad
1393,115461304_15.png,Bad
1394,115461304_16.png,Bad
1395,115461304_17.png,Bad
1396,115461304_18.png,Bad
1397,115466951_19.png,Good
1398,115466951_20.png,Good
1399,115466951_25.png,Good
1400,115466951_26.png,Good
1401,115474006_20.png,Bad
1402,115474006_21.png,Bad
1403,115474006_27.png,Bad
1404,115474006_28.png,Bad
1405,115508563_17.png,Bad
1406,115508563_18.png,Bad
1407,115508563_21.png,Bad
1408,115508563_22.png,Bad
1409,115511077_20.png,Bad
1410,115511077_21.png,Bad
1411,115511077_27.png,Bad
1412,115511077_28.png,Bad
1413,115528091_12.png,Junk
1414,115528091_13.png,Junk
1415,115538718_16.png,Bad
1416,115538718_17.png,Junk
1417,115538718_19.png,Bad
1418,115538718_20.png,Bad
1419,115539092_11.png,Bad
1420,115539092_12.png,Bad
1421,115539092_31.png,Bad
1422,115539092_32.png,Bad
1423,115539092_49.png,Bad
1424,115539092_50.png,Junk
1425,115546213_17.png,Bad
1426,115546213_18.png,Bad
1427,115546213_21.png,Bad
1428,115546213_22.png,Bad
1429,115563865_20.png,Bad
1430,115563865_21.png,Good
1431,115563865_27.png,Good
1432,115563865_28.png,Junk
1433,115564170_20.png,Good
1434,115564170_21.png,Bad
1435,115564170_27.png,Bad
1436,115564170_28.png,Bad
1437,115564200_18.png,Bad
1438,115564200_19.png,Bad
1439,115564200_23.png,Bad
1440,115564200_24.png,Bad
1441,115576550_20.png,Good
1442,115576550_21.png,Good
1443,115576550_27.png,Good
1444,115576550_28.png,Bad
1445,115581813_17.png,Junk
1446,115581813_18.png,Bad
1447,115581813_19.png,Good
1448,115581813_21.png,Good
1449,115581813_22.png,Good
1450,115586622_17.png,Bad
1451,115586622_18.png,Bad
1452,115586622_21.png,Bad
1453,115586622_22.png,Bad
1454,115598914_20.png,Bad
1455,115598914_21.png,Bad
1456,115598914_27.png,Bad
1457,115598914_28.png,Bad
1458,115622215_20.png,Good
1459,115622215_21.png,Junk
1460,115622215_27.png,Bad
1461,115622215_28.png,Good
1462,115632584_17.png,Bad
1463,115632584_18.png,Bad
1464,115632584_19.png,Bad
1465,115632584_21.png,Bad
1466,115632584_22.png,Bad
1467,115636453_26.png,Good
1468,115636453_27.png,Good
1469,115636453_39.png,Good
1470,115636453_40.png,Good
1471,115636740_20.png,Bad
1472,115636808_18.png,Good
1473,115636808_19.png,Bad
1474,115636808_23.png,Good
1475,115636808_24.png,Bad
1476,115636951_20.png,Bad
1477,115636951_21.png,Bad
1478,115636951_27.png,Bad
1479,115636951_28.png,Junk
1480,115637303_25.png,Good
1481,115637303_26.png,Good
1482,115637303_37.png,Good
1483,115637303_38.png,Junk
1484,115639517_18.png,Bad
1485,115639517_19.png,Bad
1486,115639517_23.png,Bad
1487,115639517_24.png,Bad
1488,115645260_19.png,Good
1489,115645260_20.png,Bad
1490,115645260_25.png,Good
1491,115645260_26.png,Bad
1492,115648744_18.png,Bad
1493,115648744_19.png,Bad
1494,115648744_23.png,Bad
1495,115648744_24.png,Good
1496,115651334_19.png,Good
1497,115651334_20.png,Bad
1498,115651334_25.png,Good
1499,115651334_26.png,Bad
1500,115653296_16.png,Bad
1501,115653296_17.png,Bad
1502,115653296_19.png,Bad
1503,115653296_20.png,Bad
1504,115655388_19.png,Good
1505,115655388_20.png,Good
1506,115655388_25.png,Good
1507,115655388_26.png,Good
1508,115673441_18.png,Bad
1509,115673441_19.png,Bad
1510,115673441_20.png,Good
1511,115673441_23.png,Bad
1512,115673441_24.png,Bad
1513,115674548_19.png,Good
1514,115674548_20.png,Good
1515,115674548_25.png,Good
1516,115674548_26.png,Good
1517,115681060_24.png,Bad
1518,115681060_25.png,Bad
1519,115681060_35.png,Bad
1520,115681060_36.png,Bad
1521,115704640_27.png,Bad
1522,115704640_28.png,Bad
1523,115704640_41.png,Bad
1524,115704640_42.png,Bad
1525,115706073_14.png,Bad
1526,115706073_15.png,Bad
1527,115706073_16.png,Bad
1528,115706414_15.png,Good
1529,115706414_16.png,Bad
1530,115706414_17.png,Bad
1531,115706414_18.png,Bad
1532,115707253_14.png,Bad
1533,115707253_15.png,Bad
1534,115707253_16.png,Bad
1535,115709515_15.png,Bad
1536,115709515_16.png,Bad
1537,115709515_17.png,Bad
1538,115709515_18.png,Bad
1539,115718183_15.png,Bad
1540,115718183_16.png,Bad
1541,115718183_17.png,Bad
1542,115718183_18.png,Bad
1543,115723553_21.png,Bad
1544,115723553_27.png,Bad
1545,115723553_28.png,Bad
1546,115724715_19.png,Bad
1547,115724715_20.png,Bad
1548,115724715_25.png,Bad
1549,115724715_26.png,Good
1550,115727982_17.png,Bad
1551,115727982_18.png,Bad
1552,115727982_21.png,Bad
1553,115727982_22.png,Bad
1554,115731031_22.png,Bad
1555,115731031_29.png,Good
1556,115731031_30.png,Bad
1557,115731079_14.png,Bad
1558,115731079_15.png,Bad
1559,115731079_16.png,Bad
1560,115739789_19.png,Bad
1561,115739789_20.png,Bad
1562,115739789_25.png,Bad
1563,115739789_26.png,Bad
1564,115741867_20.png,Junk
1565,115741867_21.png,Bad
1566,115741867_27.png,Bad
1567,115741867_28.png,Bad
1568,115745415_20.png,Bad
1569,115745415_21.png,Bad
1570,115745415_27.png,Good
1571,115745415_28.png,Good
1572,115747524_20.png,Bad
1573,115747524_21.png,Bad
1574,115747524_27.png,Bad
1575,115747524_28.png,Bad
1576,115754007_20.png,Good
1577,115754007_21.png,Good
1578,115754007_27.png,Bad
1579,115754007_28.png,Bad
1580,115757291_20.png,Good
1581,115757291_21.png,Good
1582,115757291_27.png,Good
1583,115757291_28.png,Good
1584,115761844_16.png,Bad
1585,115761844_17.png,Bad
1586,115761844_19.png,Bad
1587,115761844_20.png,Bad
1588,115766802_19.png,Bad
1589,115766802_20.png,Bad
1590,115766802_25.png,Bad
1591,115766802_26.png,Bad
1592,115767115_20.png,Bad
1593,115767115_21.png,Bad
1594,115767115_22.png,Bad
1595,115767115_27.png,Bad
1596,115767115_28.png,Bad
1597,115769988_18.png,Bad
1598,115769988_19.png,Bad
1599,115769988_23.png,Bad
1600,115769988_24.png,Good
1601,115770213_19.png,Bad
1602,115770213_20.png,Bad
1603,115770213_25.png,Bad
1604,115770213_26.png,Good
1605,115775021_20.png,Bad
1606,115775021_21.png,Bad
1607,115775021_27.png,Bad
1608,115775021_28.png,Bad
1609,115785386_20.png,Junk
1610,115785386_21.png,Good
1611,115785386_27.png,Good
1612,115785386_28.png,Bad
1613,115787747_17.png,Bad
1614,115787747_18.png,Good
1615,115787747_21.png,Bad
1616,115787747_22.png,Bad
1617,115788550_19.png,Bad
1618,115788550_20.png,Good
1619,115788550_25.png,Bad
1620,115788550_26.png,Bad
1621,115788612_20.png,Bad
1622,115788612_21.png,Bad
1623,115788612_27.png,Bad
1624,115788612_28.png,Junk
1625,115789535_20.png,Good
1626,115789535_21.png,Good
1627,115789535_27.png,Bad
1628,115789535_28.png,Bad
1629,115794594_15.png,Bad
1630,115794594_16.png,Good
1631,115794594_17.png,Bad
1632,115794594_18.png,Bad
1633,115794906_20.png,Good
1634,115794906_21.png,Good
1635,115794906_27.png,Good
1636,115794906_28.png,Good
1637,115797787_17.png,Bad
1638,115797787_18.png,Bad
1639,115797787_21.png,Bad
1640,115797787_22.png,Bad
1641,115804505_20.png,Good
1642,115804505_21.png,Bad
1643,115804505_27.png,Bad
1644,115804505_28.png,Bad
1645,115808827_18.png,Bad
1646,115808827_19.png,Bad
1647,115808827_23.png,Bad
1648,115808827_24.png,Bad
1649,115832540_16.png,Bad
1650,115832540_17.png,Bad
1651,115832540_18.png,Bad
1652,115832540_19.png,Bad
1653,115832540_20.png,Bad
1654,115834114_13.png,Bad
1655,115834114_14.png,Bad
1656,115834114_15.png,Bad
1657,115839413_20.png,Good
1658,115839413_21.png,Good
1659,115839413_27.png,Good
1660,115839413_28.png,Good
1661,115843971_20.png,Bad
1662,115843971_21.png,Bad
1663,115843971_27.png,Bad
1664,115843971_28.png,Junk
1665,115848853_19.png,Bad
1666,115848853_20.png,Bad
1667,115848853_25.png,Bad
1668,115848853_26.png,Bad
1669,115850621_28.png,Bad
1670,115850621_29.png,Bad
1671,115850621_43.png,Bad
1672,115850621_44.png,Bad
1673,115861976_18.png,Bad
1674,115861976_19.png,Good
1675,115861976_23.png,Bad
1676,115861976_24.png,Bad
1677,115869871_20.png,Bad
1678,115869871_21.png,Bad
1679,115869871_22.png,Bad
1680,115869871_27.png,Bad
1681,115869871_28.png,Bad
1682,115875225_19.png,Bad
1683,115875225_20.png,Bad
1684,115875225_25.png,Bad
1685,115875225_26.png,Good
1686,115885928_20.png,Good
1687,115885928_21.png,Bad
1688,115885928_27.png,Bad
1689,115885928_28.png,Bad
1690,115886512_20.png,Bad
1691,115886512_21.png,Bad
1692,115886512_27.png,Bad
1693,115886512_28.png,Bad
1694,115891490_24.png,Bad
1695,115903876_19.png,Bad
1696,115903876_20.png,Bad
1697,115903876_25.png,Bad
1698,115903876_26.png,Bad
1699,115920540_18.png,Good
1700,115920540_19.png,Good
1701,115920540_20.png,Bad
1702,115920540_23.png,Bad
1703,115920540_24.png,Bad
1704,115921429_18.png,Good
1705,115921429_19.png,Bad
1706,115921429_23.png,Bad
1707,115921429_24.png,Bad
1708,115931612_20.png,Bad
1709,115931612_21.png,Bad
1710,115931612_27.png,Bad
1711,115931612_28.png,Bad
1712,115938275_19.png,Good
1713,115938275_20.png,Good
1714,115938275_25.png,Good
1715,115938275_26.png,Good
1716,115960424_17.png,Bad
1717,115960424_18.png,Bad
1718,115960424_21.png,Bad
1719,115960424_22.png,Bad
1720,115965441_30.png,Good
1721,115965441_31.png,Bad
1722,115965441_47.png,Junk
1723,115965441_48.png,Junk
1724,115977654_20.png,Bad
1725,115977654_21.png,Bad
1726,115977654_27.png,Bad
1727,115977654_28.png,Bad
1728,115980773_20.png,Good
1729,115980773_21.png,Good
1730,115980773_27.png,Good
1731,115980773_28.png,Junk
1732,115987807_20.png,Bad
1733,115987807_21.png,Bad
1734,115987807_27.png,Bad
1735,115987807_28.png,Good
1736,115993408_20.png,Good
1737,115993408_21.png,Good
1738,115993408_27.png,Bad
1739,115993408_28.png,Bad
1740,116019548_18.png,Bad
1741,116019548_19.png,Bad
1742,116019548_23.png,Bad
1743,116019548_24.png,Bad
1744,116036657_20.png,Good
1745,116036657_21.png,Good
1746,116036657_27.png,Good
1747,116036657_28.png,Junk
1748,116043000_21.png,Good
1749,116043000_22.png,Good
1750,116043000_29.png,Bad
1751,116043000_30.png,Bad
1752,116043206_14.png,Bad
1753,116043206_15.png,Good
1754,116043206_16.png,Bad
1755,116049405_21.png,Bad
1756,116049405_22.png,Bad
1757,116049405_29.png,Bad
1758,116049405_30.png,Bad
1759,116052001_26.png,Bad
1760,116052001_27.png,Bad
1761,116052001_39.png,Bad
1762,116052001_40.png,Bad
1763,116054757_21.png,Junk
1764,116054757_22.png,Junk
1765,116054757_29.png,Good
1766,116054757_30.png,Bad
1767,116057529_18.png,Bad
1768,116057529_19.png,Bad
1769,116057529_20.png,Bad
1770,116057529_21.png,Bad
1771,116057529_22.png,Bad
1772,116057529_23.png,Bad
1773,116057529_24.png,Bad
1774,116114725_20.png,Junk
1775,116114725_21.png,Bad
1776,116114725_27.png,Bad
1777,116114725_28.png,Bad
0,00000000.jpg,Good
1,00000001.jpg,Good
2,00000002.jpg,Good
3,00000003.jpg,Good
4,00000004.jpg,Good
5,00000005.jpg,Good
6,00000006.jpg,Good
7,00000007.jpg,Good
8,00000008.jpg,Good
9,00000009.jpg,Good
10,00000010.jpg,Good
11,00000011.jpg,Good
12,00000012.jpg,Good
13,00000013.jpg,Good
14,00000014.jpg,Good
15,00000015.jpg,Good
16,00000016.jpg,Good
17,00000017.jpg,Good
18,00000018.jpg,Good
19,00000019.jpg,Good
20,00000020.jpg,Good
21,00000021.jpg,Good
22,00000022.jpg,Good
23,00000023.jpg,Good
24,00000024.jpg,Good
25,00000025.jpg,Good
26,00000026.jpg,Good
27,00000027.jpg,Good
28,00000028.jpg,Good
29,00000029.jpg,Good
30,00000030.jpg,Good
31,00000031.jpg,Good
32,00000032.jpg,Good
33,00000033.jpg,Good
34,00000034.jpg,Good
35,00000035.jpg,Good
36,00000036.jpg,Good
37,00000037.jpg,Good
38,00000038.jpg,Good
39,00000039.jpg,Good
40,00000040.jpg,Good
41,00000041.jpg,Good
42,00000042.jpg,Good
43,00000043.jpg,Good
44,00000044.jpg,Good
45,00000045.jpg,Good
46,00000046.jpg,Good
47,00000047.jpg,Good
48,00000048.jpg,Good
49,00000049.jpg,Good
50,00000050.jpg,Good
51,00000051.jpg,Good
52,00000052.jpg,Good
53,00000053.jpg,Good
54,00000054.jpg,Good
55,00000055.jpg,Good
56,00000056.jpg,Good
57,00000057.jpg,Good
58,00000058.jpg,Good
59,00000059.jpg,Good
60,00000060.jpg,Good
61,00000061.jpg,Good
62,00000062.jpg,Good
63,00000063.jpg,Good
64,00000064.jpg,Good
65,00000065.jpg,Good
66,00000067.jpg,Good
67,00000068.jpg,Good
68,00000069.jpg,Good
69,00000070.jpg,Good
70,00000071.jpg,Good
71,00000072.jpg,Good
72,00000073.jpg,Good
73,00000074.jpg,Good
74,00000075.jpg,Good
75,00000076.jpg,Good
76,00000077.jpg,Good
77,00000078.jpg,Good
78,00000080.jpg,Good
79,00000081.jpg,Good
80,00000082.jpg,Good
81,00000083.jpg,Good
82,00000084.jpg,Good
83,00000085.jpg,Good
84,00000086.jpg,Good
85,00000087.jpg,Good
86,00000088.jpg,Good
87,00000089.jpg,Good
88,00000090.jpg,Good
89,00000091.jpg,Good
90,00000092.jpg,Good
91,00000094.jpg,Good
92,00000095.jpg,Good
93,00000096.jpg,Good
94,00000097.jpg,Good
95,00000098.jpg,Good
96,00000099.jpg,Good
97,00000100.jpg,Good
98,00000101.jpg,Good
99,00000102.jpg,Good
100,00000103.jpg,Good
101,00000104.jpg,Good
102,00000105.jpg,Good
103,00000106.jpg,Good
104,00000107.jpg,Good
105,00000108.jpg,Good
106,00000109.jpg,Good
107,00000110.jpg,Good
108,00000111.jpg,Good
109,00000112.jpg,Good
110,00000116.jpg,Good
111,00000117.jpg,Good
112,00000118.jpg,Good
113,00000119.jpg,Good
114,00000120.jpg,Good
115,00000121.jpg,Good
116,00000122.jpg,Good
117,00000123.jpg,Good
118,00000124.jpg,Good
119,00000125.jpg,Good
120,00000126.jpg,Good
121,00000127.jpg,Good
122,00000128.jpg,Good
123,00000129.jpg,Good
124,00000130.jpg,Good
125,00000131.jpg,Good
126,00000132.jpg,Good
127,00000133.jpg,Good
128,00000134.jpg,Good
129,00000136.jpg,Good
130,00000138.jpg,Good
131,00000139.jpg,Good
132,00000140.jpg,Good
133,00000142.jpg,Good
134,00000143.jpg,Good
135,00000144.jpg,Good
136,00000145.jpg,Good
137,00000146.jpg,Good
138,00000147.jpg,Good
139,00000148.jpg,Good
140,00000149.jpg,Good
141,00000150.jpg,Good
142,00000151.jpg,Good
143,00000153.jpg,Good
144,00000154.jpg,Good
145,00000155.jpg,Good
146,00000156.jpg,Good
147,00000157.jpg,Good
148,00000158.jpg,Good
149,00000159.jpg,Good
150,00000161.jpg,Good
151,00000162.jpg,Good
152,00000163.jpg,Good
153,00000164.jpg,Good
154,00000165.jpg,Good
155,00000166.jpg,Good
156,00000167.jpg,Good
157,00000168.jpg,Good
158,00000169.jpg,Good
159,00000170.jpg,Good
160,00000171.jpg,Good
161,00000172.jpg,Good
162,00000173.jpg,Good
163,00000174.jpg,Good
164,00000175.jpg,Good
165,00000176.jpg,Good
166,00000177.jpg,Good
167,00000179.jpg,Good
168,00000180.jpg,Good
169,00000181.jpg,Good
170,00000182.jpg,Good
171,00000183.jpg,Good
172,00000184.jpg,Good
173,00000185.jpg,Good
174,00000186.jpg,Good
175,00000187.jpg,Good
176,00000188.jpg,Good
177,00000189.jpg,Good
178,00000190.jpg,Good
179,00000191.jpg,Good
180,00000192.jpg,Good
181,00000193.jpg,Good
182,00000194.jpg,Good
183,00000195.jpg,Good
184,00000196.jpg,Good
185,00000197.jpg,Good
186,00000198.jpg,Good
187,00000199.jpg,Good
188,00000200.jpg,Good
189,00000201.jpg,Good
190,00000202.jpg,Good
191,00000203.jpg,Good
192,00000204.jpg,Good
193,00000205.jpg,Good
194,00000206.jpg,Good
195,00000207.jpg,Good
196,00000208.jpg,Good
197,00000209.jpg,Good
198,00000210.jpg,Good
199,00000211.jpg,Good
200,00000212.jpg,Good
201,00000213.jpg,Good
202,00000214.jpg,Good
203,00000215.jpg,Good
204,00000217.jpg,Good
205,00000218.jpg,Good
206,00000221.jpg,Good
207,00000223.jpg,Good
208,00000224.jpg,Good
209,00000225.jpg,Good
210,00000226.jpg,Good
211,00000227.jpg,Good
212,00000228.jpg,Good
213,00000230.jpg,Good
214,00000231.jpg,Good
215,00000232.jpg,Good
216,00000236.jpg,Good
217,00000237.jpg,Good
218,00000238.jpg,Good
219,00000239.jpg,Good
220,00000240.jpg,Good
221,00000241.jpg,Good
222,00000242.jpg,Good
223,00000243.jpg,Good
224,00000244.jpg,Good
225,00000245.jpg,Good
226,00000246.jpg,Good
227,00000247.jpg,Good
228,00000248.jpg,Good
229,00000249.jpg,Good
230,00000250.jpg,Good
231,00000251.jpg,Good
232,00000252.jpg,Good
233,00000253.jpg,Good
234,00000254.jpg,Good
235,00000255.jpg,Good
236,00000256.jpg,Good
237,00000257.jpg,Good
238,00000258.jpg,Good
239,00000259.jpg,Good
240,00000260.jpg,Good
241,00000261.jpg,Good
242,00000262.jpg,Good
243,00000263.jpg,Good
244,00000265.jpg,Good
245,00000266.jpg,Good
246,00000267.jpg,Good
247,00000268.jpg,Good
248,00000269.jpg,Good
249,00000270.jpg,Good
250,00000271.jpg,Good
251,00000273.jpg,Good
252,00000274.jpg,Good
253,00000275.jpg,Good
254,00000276.jpg,Good
255,00000277.jpg,Good
256,00000278.jpg,Good
257,00000279.jpg,Good
258,00000280.jpg,Good
259,00000281.jpg,Good
260,00000282.jpg,Good
261,00000283.jpg,Good
262,00000284.jpg,Good
263,00000285.jpg,Good
264,00000286.jpg,Good
265,00000287.jpg,Good
266,00000288.jpg,Good
267,00000290.jpg,Good
268,00000291.jpg,Good
269,00000292.jpg,Good
270,00000293.jpg,Good
271,00000294.jpg,Good
272,00000295.jpg,Good
273,00000296.jpg,Good
274,00000297.jpg,Good
275,00000299.jpg,Good
276,00000300.jpg,Good
277,00000301.jpg,Good
278,00000302.jpg,Good
279,00000304.jpg,Good
280,00000305.jpg,Good
281,00000306.jpg,Good
282,00000307.jpg,Good
283,00000309.jpg,Good
284,00000310.jpg,Good
285,00000311.jpg,Good
286,00000312.jpg,Good
287,00000313.jpg,Good
288,00000314.jpg,Good
289,00000315.jpg,Good
290,00000317.jpg,Good
291,00000318.jpg,Good
292,00000319.jpg,Good
293,00000320.jpg,Good
294,00000321.jpg,Good
295,00000323.jpg,Good
296,00000324.jpg,Good
297,00000325.jpg,Good
298,00000326.jpg,Good
299,00000327.jpg,Good
300,00000328.jpg,Good
301,00000329.jpg,Good
302,00000330.jpg,Good
303,00000331.jpg,Good
304,00000332.jpg,Good
305,00000333.jpg,Good
306,00000334.jpg,Good
307,00000335.jpg,Good
308,00000336.jpg,Good
309,00000337.jpg,Good
310,00000338.jpg,Good
311,00000339.jpg,Good
312,00000340.jpg,Good
313,00000341.jpg,Good
314,00000342.jpg,Good
315,00000343.jpg,Good
316,00000344.jpg,Good
317,00000345.jpg,Good
318,00000346.jpg,Good
319,00000347.jpg,Good
320,00000348.jpg,Good
321,00000350.jpg,Good
322,00000351.jpg,Good
323,00000352.jpg,Good
324,00000353.jpg,Good
325,00000354.jpg,Good
326,00000355.jpg,Good
327,00000356.jpg,Good
328,00000357.jpg,Good
329,00000360.jpg,Good
330,00000361.jpg,Good
331,00000362.jpg,Good
332,00000363.jpg,Good
333,00000364.jpg,Good
334,00000365.jpg,Good
335,00000367.jpg,Good
336,00000369.jpg,Good
337,00000370.jpg,Good
338,00000371.jpg,Good
339,00000373.jpg,Good
340,00000374.jpg,Good
341,00000375.jpg,Good
342,00000377.jpg,Good
343,00000379.jpg,Good
344,00000380.jpg,Good
345,00000381.jpg,Good
346,00000382.jpg,Good
347,00000384.jpg,Good
348,00000385.jpg,Good
349,00000386.jpg,Good
350,00000387.jpg,Good
351,00000388.jpg,Good
352,00000389.jpg,Good
353,00000390.jpg,Good
354,00000391.jpg,Good
355,00000392.jpg,Good
356,00000393.jpg,Good
357,00000394.jpg,Good
358,00000395.jpg,Good
359,00000396.jpg,Good
360,00000397.jpg,Good
361,00000398.jpg,Good
362,00000400.jpg,Good
363,00000401.jpg,Good
364,00000402.jpg,Good
365,00000403.jpg,Good
366,00000404.jpg,Good
367,00000405.jpg,Good
368,00000406.jpg,Good
369,00000407.jpg,Good
370,00000408.jpg,Good
371,00000409.jpg,Good
372,00000410.jpg,Good
373,00000412.jpg,Good
374,00000413.jpg,Good
375,00000414.jpg,Good
376,00000415.jpg,Good
377,00000416.jpg,Good
378,00000418.jpg,Good
379,00000420.jpg,Good
380,00000421.jpg,Good
381,00000422.jpg,Good
382,00000423.jpg,Good
383,00000424.jpg,Good
384,00000425.jpg,Good
385,00000426.jpg,Good
386,00000427.jpg,Good
387,00000428.jpg,Good
388,00000429.jpg,Good
389,00000430.jpg,Good
390,00000431.jpg,Good
391,00000433.jpg,Good
392,00000434.jpg,Good
393,00000436.jpg,Good
394,00000437.jpg,Good
395,00000438.jpg,Good
396,00000440.jpg,Good
397,00000441.jpg,Good
398,00000442.jpg,Good
399,00000445.jpg,Good
400,00000446.jpg,Good
401,00000447.jpg,Good
402,00000448.jpg,Good
403,00000449.jpg,Good
404,00000450.jpg,Good
405,00000451.jpg,Good
406,00000452.jpg,Good
407,00000453.jpg,Good
408,00000454.jpg,Good
409,00000455.jpg,Good
410,00000456.jpg,Good
411,00000458.jpg,Good
412,00000460.jpg,Good
413,00000462.jpg,Good
414,00000463.jpg,Good
415,00000464.jpg,Good
416,00000466.jpg,Good
417,00000467.jpg,Good
418,00000468.jpg,Good
419,00000469.jpg,Good
420,00000470.jpg,Good
421,00000472.jpg,Good
422,00000473.jpg,Good
423,00000474.jpg,Good
424,00000475.jpg,Good
425,00000476.jpg,Good
426,00000477.jpg,Good
427,00000478.jpg,Good
428,00000479.jpg,Good
429,00000480.jpg,Good
430,00000481.jpg,Good
431,00000482.jpg,Good
432,00000483.jpg,Good
433,00000484.jpg,Good
434,00000485.jpg,Good
435,00000486.jpg,Good
436,00000487.jpg,Good
437,00000488.jpg,Good
438,00000489.jpg,Good
439,00000490.jpg,Good
440,00000491.jpg,Good
441,00000492.jpg,Good
442,00000493.jpg,Good
443,00000494.jpg,Good
444,00000495.jpg,Good
445,00000496.jpg,Good
446,00000497.jpg,Good
447,00000498.jpg,Good
448,00000499.jpg,Good
449,00000500.jpg,Good
450,00000501.jpg,Good
451,00000502.jpg,Good
452,00000503.jpg,Good
453,00000504.jpg,Good
454,00000506.jpg,Good
455,00000507.jpg,Good
456,00000508.jpg,Good
457,00000509.jpg,Good
458,00000510.jpg,Good
459,00000511.jpg,Good
460,00000512.jpg,Good
461,00000514.jpg,Good
462,00000515.jpg,Good
463,00000516.jpg,Good
464,00000517.jpg,Good
465,00000519.jpg,Good
466,00000520.jpg,Good
467,00000521.jpg,Good
468,00000522.jpg,Good
469,00000523.jpg,Good
470,00000525.jpg,Good
471,00000526.jpg,Good
472,00000527.jpg,Good
473,00000528.jpg,Good
474,00000529.jpg,Good
475,00000530.jpg,Good
476,00000531.jpg,Good
477,00000532.jpg,Good
478,00000533.jpg,Good
479,00000534.jpg,Good
480,00000536.jpg,Good
481,00000537.jpg,Good
482,00000538.jpg,Good
483,00000539.jpg,Good
484,00000540.jpg,Good
485,00000541.jpg,Good
486,00000542.jpg,Good
487,00000543.jpg,Good
488,00000544.jpg,Good
489,00000545.jpg,Good
490,00000546.jpg,Good
491,00000547.jpg,Good
492,00000548.jpg,Good
493,00000549.jpg,Good
494,00000550.jpg,Good
495,00000553.jpg,Good
496,00000554.jpg,Good
497,00000555.jpg,Good
498,00000556.jpg,Good
499,00000557.jpg,Good
500,00000558.jpg,Good
501,00000559.jpg,Good
502,00000560.jpg,Good
503,00000561.jpg,Good
504,00000562.jpg,Good
505,00000563.jpg,Good
506,00000564.jpg,Good
507,00000565.jpg,Good
508,00000566.jpg,Good
509,00000567.jpg,Good
510,00000568.jpg,Good
511,00000569.jpg,Good
512,00000570.jpg,Good
513,00000571.jpg,Good
514,00000572.jpg,Good
515,00000573.jpg,Good
516,00000574.jpg,Good
517,00000576.jpg,Good
518,00000577.jpg,Good
519,00000578.jpg,Good
520,00000579.jpg,Good
521,00000580.jpg,Good
522,00000581.jpg,Good
523,00000582.jpg,Good
524,00000583.jpg,Good
525,00000585.jpg,Good
526,00000586.jpg,Good
527,00000587.jpg,Good
528,00000588.jpg,Good
529,00000589.jpg,Good
530,00000590.jpg,Good
531,00000591.jpg,Good
532,00000592.jpg,Good
533,00000593.jpg,Good
534,00000594.jpg,Good
535,00000595.jpg,Good
536,00000596.jpg,Good
537,00000597.jpg,Good
538,00000598.jpg,Good
539,00000599.jpg,Good
540,00000600.jpg,Good
541,00000601.jpg,Good
542,00000602.jpg,Good
543,00000603.jpg,Good
544,00000604.jpg,Good
545,00000605.jpg,Good
546,00000606.jpg,Good
547,00000607.jpg,Good
548,00000608.jpg,Good
